{"assetType":"edge","uniqueID":"fed418fd25664f93a005b02077f118ce","rootFolder":"project.wmio_project_a_fed418fd25664f93a005b02077f118ce_export","projectAlias":"pkg_fed418fd25664f93a005b02077f118ce_exported","services":[{"serviceFullName":"project.wmio_project_a_fed418fd25664f93a005b02077f118ce_export.integrations:onPremRuntimeService","name":"onPremRuntimeService","edgeServer":{"group":"Default","id":"default","name":"Cloud Execution"},"referenced":{"type":"flow","name":"onPremRuntimeService","nsName":"project.wmio_project_a_fed418fd25664f93a005b02077f118ce_export.integrations:onPremRuntimeService","newServiceName":null,"resolved":false,"operation":null,"reference":[],"referencedBy":null}}]}