{"assetType":"edge","uniqueID":"7b93fda10059414385e2a912972dfabb","rootFolder":"project.insrsa_play_7b93fda10059414385e2a912972dfabb_export","projectAlias":"pkg_7b93fda10059414385e2a912972dfabb_exported","services":[{"serviceFullName":"project.insrsa_play_7b93fda10059414385e2a912972dfabb_export.integrations:onPremRuntimeService","name":"onPremRuntimeService","edgeServer":null,"referenced":{"type":"flow","name":"onPremRuntimeService","nsName":"project.insrsa_play_7b93fda10059414385e2a912972dfabb_export.integrations:onPremRuntimeService","newServiceName":null,"resolved":false,"operation":null,"reference":[],"referencedBy":null}}]}